id,name,size.bytecode,size.static
13,__wasm_call_ctors,6,808
14,_start,83,992
15,example1(),97,576
16,"example2a(int, int)",204,696
17,"example2b(int, int)",192,680
18,"example3(int, int*, int*)",28,856
19,"example4a(int, int*, int*)",184,736
20,"example4b(int, int*, int*)",199,680
21,"example4c(int, int*, int*)",258,768
22,example7(int),32,840
23,example8(int),4134,3072
24,example9(unsigned int*),141,608
25,"example10a(short*, short*, short*, int*, int*, int*)",87,640
26,"example10b(short*, short*, short*, int*, int*, int*)",99,648
27,example11(),129,608
28,example12(),138,616
29,"example23(unsigned short*, unsigned int*)",107,664
30,"example24(short, short)",106,608
31,example25(),86,592
32,main,10396,16840
33,Timer::~Timer(),195,1656
34,"std::__2::basic_ostream<char, std::__2::char_traits<char>>& std::__2::__put_character_sequence[abi:nn180100]<char, std::__2::char_traits<char>>(std::__2::basic_ostream<char, std::__2::char_traits<char>>&, char const*, unsigned long)",249,1592
35,"std::__2::vector<unsigned int, std::__2::allocator<unsigned int>>::__throw_length_error[abi:nn180100]() const",16,808
36,std::__throw_bad_array_new_length[abi:nn180100](),19,808
37,"std::__2::ostreambuf_iterator<char, std::__2::char_traits<char>> std::__2::__pad_and_output[abi:nn180100]<char, std::__2::char_traits<char>>(std::__2::ostreambuf_iterator<char, std::__2::char_traits<char>>, char const*, char const*, char const*, std::__2::ios_base&, char)",384,1720
38,"std::__2::basic_string<char, std::__2::char_traits<char>, std::__2::allocator<char>>::__throw_length_error[abi:nn180100]() const",16,808
39,std::__2::__throw_length_error[abi:nn180100](char const*),44,840
40,"std::__2::__libcpp_verbose_abort(char const*, ...)",57,896
41,"std::__2::basic_string<char, std::__2::char_traits<char>, std::__2::allocator<char>>::__grow_by_and_replace(unsigned long, unsigned long, unsigned long, unsigned long, unsigned long, unsigned long, char const*)",284,1424
42,"std::__2::basic_string<char, std::__2::char_traits<char>, std::__2::allocator<char>>::__init_copy_ctor_external(char const*, unsigned long)",118,1104
43,"std::__2::basic_string<char, std::__2::char_traits<char>, std::__2::allocator<char>>::push_back(char)",323,1056
44,"std::__2::basic_string<char, std::__2::char_traits<char>, std::__2::allocator<char>>::append(unsigned long, char)",353,1312
45,"std::__2::basic_string<wchar_t, std::__2::char_traits<wchar_t>, std::__2::allocator<wchar_t>>::__grow_by_and_replace(unsigned long, unsigned long, unsigned long, unsigned long, unsigned long, unsigned long, wchar_t const*)",322,1480
46,"std::__2::basic_string<wchar_t, std::__2::char_traits<wchar_t>, std::__2::allocator<wchar_t>>::__throw_length_error[abi:nn180100]() const",24,816
47,"std::__2::basic_string<wchar_t, std::__2::char_traits<wchar_t>, std::__2::allocator<wchar_t>>::__grow_by[abi:nn180100](unsigned long, unsigned long, unsigned long, unsigned long, unsigned long, unsigned long)",261,1312
48,"std::__2::basic_string<wchar_t, std::__2::char_traits<wchar_t>, std::__2::allocator<wchar_t>>::__init_copy_ctor_external(wchar_t const*, unsigned long)",145,1160
49,"std::__2::basic_string<wchar_t, std::__2::char_traits<wchar_t>, std::__2::allocator<wchar_t>>::__assign_external(wchar_t const*, unsigned long)",189,1008
50,std::__2::__throw_runtime_error(char const*),51,848
51,std::__throw_bad_alloc(),25,824
52,std::__2::ios_base::getloc() const,17,824
53,std::__2::__throw_failure[abi:nn180100](char const*),52,848
54,std::__2::ios_base::~ios_base(),254,1568
55,std::__2::ios_base::~ios_base(),20,904
56,std::__2::ios_base::clear(unsigned int),53,896
57,std::__2::ios_base::init(void*),104,952
58,std::uncaught_exception(),12,832
59,"std::__2::basic_streambuf<char, std::__2::char_traits<char>>::~basic_streambuf()",31,872
60,"std::__2::basic_streambuf<char, std::__2::char_traits<char>>::~basic_streambuf()",20,904
61,"std::__2::basic_streambuf<char, std::__2::char_traits<char>>::basic_streambuf()",58,912
62,"std::__2::basic_streambuf<char, std::__2::char_traits<char>>::imbue(std::__2::locale const&)",3,512
63,"std::__2::basic_streambuf<char, std::__2::char_traits<char>>::setbuf(char*, long)",5,512
64,"std::__2::basic_streambuf<char, std::__2::char_traits<char>>::seekoff(long long, std::__2::ios_base::seekdir, unsigned int)",17,544
65,"std::__2::basic_streambuf<char, std::__2::char_traits<char>>::seekpos(std::__2::fpos<__mbstate_t>, unsigned int)",17,544
66,"std::__2::basic_streambuf<char, std::__2::char_traits<char>>::sync()",5,520
67,"std::__2::basic_streambuf<char, std::__2::char_traits<char>>::showmanyc()",6,520
68,"std::__2::basic_streambuf<char, std::__2::char_traits<char>>::xsgetn(char*, long)",161,1192
69,"std::__2::basic_streambuf<char, std::__2::char_traits<char>>::underflow()",5,520
70,"std::__2::basic_streambuf<char, std::__2::char_traits<char>>::uflow()",58,920
71,"std::__2::basic_streambuf<char, std::__2::char_traits<char>>::pbackfail(int)",6,520
72,"std::__2::basic_streambuf<char, std::__2::char_traits<char>>::xsputn(char const*, long)",169,1200
73,"std::__2::basic_streambuf<char, std::__2::char_traits<char>>::overflow(int)",5,520
74,"std::__2::basic_istream<char, std::__2::char_traits<char>>::~basic_istream()",17,856
75,"virtual thunk to std::__2::basic_istream<char, std::__2::char_traits<char>>::~basic_istream()",31,872
76,"std::__2::basic_istream<char, std::__2::char_traits<char>>::~basic_istream()",23,904
77,"virtual thunk to std::__2::basic_istream<char, std::__2::char_traits<char>>::~basic_istream()",38,928
78,"std::__2::basic_ostream<char, std::__2::char_traits<char>>::flush()",164,1240
79,"std::__2::basic_ostream<char, std::__2::char_traits<char>>::~basic_ostream()",17,856
80,"virtual thunk to std::__2::basic_ostream<char, std::__2::char_traits<char>>::~basic_ostream()",31,872
81,"std::__2::basic_ostream<char, std::__2::char_traits<char>>::~basic_ostream()",23,904
82,"virtual thunk to std::__2::basic_ostream<char, std::__2::char_traits<char>>::~basic_ostream()",38,928
83,"std::__2::basic_ostream<char, std::__2::char_traits<char>>::sentry::sentry(std::__2::basic_ostream<char, std::__2::char_traits<char>>&)",220,1328
84,"std::__2::basic_ostream<char, std::__2::char_traits<char>>::sentry::~sentry()",146,1168
85,"std::__2::basic_ostream<char, std::__2::char_traits<char>>::operator<<(int)",293,1720
86,"std::__2::basic_ostream<char, std::__2::char_traits<char>>::operator<<(unsigned int)",293,1720
87,"std::__2::basic_ostream<char, std::__2::char_traits<char>>::operator<<(long)",292,1720
88,"std::__2::basic_streambuf<wchar_t, std::__2::char_traits<wchar_t>>::~basic_streambuf()",31,872
89,"std::__2::basic_streambuf<wchar_t, std::__2::char_traits<wchar_t>>::~basic_streambuf()",20,904
90,"std::__2::basic_streambuf<wchar_t, std::__2::char_traits<wchar_t>>::basic_streambuf()",58,912
91,"std::__2::basic_streambuf<wchar_t, std::__2::char_traits<wchar_t>>::imbue(std::__2::locale const&)",3,512
92,"std::__2::basic_streambuf<wchar_t, std::__2::char_traits<wchar_t>>::setbuf(wchar_t*, long)",5,512
93,"std::__2::basic_streambuf<wchar_t, std::__2::char_traits<wchar_t>>::seekoff(long long, std::__2::ios_base::seekdir, unsigned int)",17,544
94,"std::__2::basic_streambuf<wchar_t, std::__2::char_traits<wchar_t>>::seekpos(std::__2::fpos<__mbstate_t>, unsigned int)",17,544
95,"std::__2::basic_streambuf<wchar_t, std::__2::char_traits<wchar_t>>::sync()",5,520
96,"std::__2::basic_streambuf<wchar_t, std::__2::char_traits<wchar_t>>::showmanyc()",6,520
97,"std::__2::basic_streambuf<wchar_t, std::__2::char_traits<wchar_t>>::xsgetn(wchar_t*, long)",179,1240
98,"std::__2::basic_streambuf<wchar_t, std::__2::char_traits<wchar_t>>::underflow()",5,520
99,"std::__2::basic_streambuf<wchar_t, std::__2::char_traits<wchar_t>>::uflow()",58,920
100,"std::__2::basic_streambuf<wchar_t, std::__2::char_traits<wchar_t>>::pbackfail(int)",6,520
101,"std::__2::basic_streambuf<wchar_t, std::__2::char_traits<wchar_t>>::xsputn(wchar_t const*, long)",180,1240
102,"std::__2::basic_streambuf<wchar_t, std::__2::char_traits<wchar_t>>::overflow(int)",5,520
103,"std::__2::basic_istream<wchar_t, std::__2::char_traits<wchar_t>>::~basic_istream()",17,856
104,"virtual thunk to std::__2::basic_istream<wchar_t, std::__2::char_traits<wchar_t>>::~basic_istream()",31,872
105,"std::__2::basic_istream<wchar_t, std::__2::char_traits<wchar_t>>::~basic_istream()",23,904
106,"virtual thunk to std::__2::basic_istream<wchar_t, std::__2::char_traits<wchar_t>>::~basic_istream()",38,928
107,"std::__2::basic_ostream<wchar_t, std::__2::char_traits<wchar_t>>::flush()",164,1240
108,"std::__2::basic_ostream<wchar_t, std::__2::char_traits<wchar_t>>::~basic_ostream()",17,856
109,"virtual thunk to std::__2::basic_ostream<wchar_t, std::__2::char_traits<wchar_t>>::~basic_ostream()",31,872
110,"std::__2::basic_ostream<wchar_t, std::__2::char_traits<wchar_t>>::~basic_ostream()",23,904
111,"virtual thunk to std::__2::basic_ostream<wchar_t, std::__2::char_traits<wchar_t>>::~basic_ostream()",38,928
112,"std::__2::basic_ostream<wchar_t, std::__2::char_traits<wchar_t>>::sentry::sentry(std::__2::basic_ostream<wchar_t, std::__2::char_traits<wchar_t>>&)",220,1328
113,"std::__2::basic_ostream<wchar_t, std::__2::char_traits<wchar_t>>::sentry::~sentry()",145,1168
114,std::__2::__throw_bad_cast[abi:nn180100](),25,824
115,__cxx_global_array_dtor,24,832
116,std::__2::DoIOSInit::DoIOSInit(),1418,4184
117,std::__2::ios_base::Init::Init(),95,1008
118,__cxx_global_array_dtor.1,55,984
119,std::__2::ios_base::Init::~Init(),5,512
120,std::__2::__stdinbuf<char>::~__stdinbuf(),17,864
121,std::__2::__stdinbuf<char>::imbue(std::__2::locale const&),106,1160
122,std::__2::__stdinbuf<char>::underflow(),14,824
123,std::__2::__stdinbuf<char>::__getchar(bool),499,1864
124,std::__2::__stdinbuf<char>::uflow(),14,824
125,std::__2::__stdinbuf<char>::pbackfail(int),325,1424
126,std::__2::__stdoutbuf<char>::~__stdoutbuf(),17,864
127,std::__2::__stdoutbuf<char>::imbue(std::__2::locale const&),65,1072
128,std::__2::__stdoutbuf<char>::sync(),161,1264
129,"std::__2::__stdoutbuf<char>::xsputn(char const*, long)",99,1144
130,std::__2::__stdoutbuf<char>::overflow(int),312,1520
131,std::__2::__stdinbuf<wchar_t>::~__stdinbuf(),17,864
132,std::__2::__stdinbuf<wchar_t>::imbue(std::__2::locale const&),106,1160
133,std::__2::__stdinbuf<wchar_t>::underflow(),14,824
134,std::__2::__stdinbuf<wchar_t>::__getchar(bool),494,1880
135,std::__2::__stdinbuf<wchar_t>::uflow(),14,824
136,std::__2::__stdinbuf<wchar_t>::pbackfail(int),319,1424
137,std::__2::__stdoutbuf<wchar_t>::~__stdoutbuf(),17,864
138,std::__2::__stdoutbuf<wchar_t>::imbue(std::__2::locale const&),65,1072
139,std::__2::__stdoutbuf<wchar_t>::sync(),161,1264
140,"std::__2::__stdoutbuf<wchar_t>::xsputn(wchar_t const*, long)",103,1136
141,std::__2::__stdoutbuf<wchar_t>::overflow(int),291,1488
142,_GLOBAL__I_000100,58,944
143,std::__2::__shared_count::~__shared_count(),5,512
144,"std::__2::__call_once(unsigned long volatile&, void*, void (*)(void*))",38,888
145,std::__2::collate<char>::~collate(),11,808
146,std::__2::collate<char>::~collate(),20,904
147,"std::__2::collate<char>::do_compare(char const*, char const*, char const*, char const*) const",105,616
148,"std::__2::collate<char>::do_transform(char const*, char const*) const",141,1128
149,"std::__2::collate<char>::do_hash(char const*, char const*) const",240,776
150,std::__2::collate<wchar_t>::~collate(),11,808
151,std::__2::collate<wchar_t>::~collate(),20,904
152,"std::__2::collate<wchar_t>::do_compare(wchar_t const*, wchar_t const*, wchar_t const*, wchar_t const*) const",91,600
153,"std::__2::collate<wchar_t>::do_transform(wchar_t const*, wchar_t const*) const",159,1152
154,"std::__2::collate<wchar_t>::do_hash(wchar_t const*, wchar_t const*) const",70,584
155,"std::__2::num_get<char, std::__2::istreambuf_iterator<char, std::__2::char_traits<char>>>::do_get(std::__2::istreambuf_iterator<char, std::__2::char_traits<char>>, std::__2::istreambuf_iterator<char, std::__2::char_traits<char>>, std::__2::ios_base&, unsigned int&, bool&) const",615,2224
156,void std::__2::__call_once_proxy[abi:nn180100]<std::__2::tuple<std::__2::locale::id::__get()::$_0&&>>(void*),43,552
157,"std::__2::basic_string<char, std::__2::char_traits<char>, std::__2::allocator<char>> const* std::__2::__scan_keyword[abi:nn180100]<std::__2::istreambuf_iterator<char, std::__2::char_traits<char>>, std::__2::basic_string<char, std::__2::char_traits<char>, std::__2::allocator<char>> const*, std::__2::ctype<char>>(std::__2::istreambuf_iterator<char, std::__2::char_traits<char>>&, std::__2::istreambuf_iterator<char, std::__2::char_traits<char>>, std::__2::basic_string<char, std::__2::char_traits<char>, std::__2::allocator<char>> const*, std::__2::basic_string<char, std::__2::char_traits<char>, std::__2::allocator<char>> const*, std::__2::ctype<char> const&, unsigned int&, bool)",1068,2896
158,"std::__2::num_get<char, std::__2::istreambuf_iterator<char, std::__2::char_traits<char>>>::do_get(std::__2::istreambuf_iterator<char, std::__2::char_traits<char>>, std::__2::istreambuf_iterator<char, std::__2::char_traits<char>>, std::__2::ios_base&, unsigned int&, long&) const",22,808
159,"std::__2::istreambuf_iterator<char, std::__2::char_traits<char>> std::__2::num_get<char, std::__2::istreambuf_iterator<char, std::__2::char_traits<char>>>::__do_get_signed<long>(std::__2::istreambuf_iterator<char, std::__2::char_traits<char>>, std::__2::istreambuf_iterator<char, std::__2::char_traits<char>>, std::__2::ios_base&, unsigned int&, long&) const",1745,3952
160,"std::__2::__num_get<char>::__stage2_int_prep(std::__2::ios_base&, char&)",249,1360
161,"std::__2::__num_get<char>::__stage2_int_loop(char, int, char*, char*&, unsigned int&, char, std::__2::basic_string<char, std::__2::char_traits<char>, std::__2::allocator<char>> const&, unsigned int*, unsigned int*&, char const*)",359,1280
162,"std::__2::num_get<char, std::__2::istreambuf_iterator<char, std::__2::char_traits<char>>>::do_get(std::__2::istreambuf_iterator<char, std::__2::char_traits<char>>, std::__2::istreambuf_iterator<char, std::__2::char_traits<char>>, std::__2::ios_base&, unsigned int&, long long&) const",22,808
163,"std::__2::istreambuf_iterator<char, std::__2::char_traits<char>> std::__2::num_get<char, std::__2::istreambuf_iterator<char, std::__2::char_traits<char>>>::__do_get_signed<long long>(std::__2::istreambuf_iterator<char, std::__2::char_traits<char>>, std::__2::istreambuf_iterator<char, std::__2::char_traits<char>>, std::__2::ios_base&, unsigned int&, long long&) const",1679,3896
164,"std::__2::num_get<char, std::__2::istreambuf_iterator<char, std::__2::char_traits<char>>>::do_get(std::__2::istreambuf_iterator<char, std::__2::char_traits<char>>, std::__2::istreambuf_iterator<char, std::__2::char_traits<char>>, std::__2::ios_base&, unsigned int&, unsigned short&) const",22,808
165,"std::__2::istreambuf_iterator<char, std::__2::char_traits<char>> std::__2::num_get<char, std::__2::istreambuf_iterator<char, std::__2::char_traits<char>>>::__do_get_unsigned<unsigned short>(std::__2::istreambuf_iterator<char, std::__2::char_traits<char>>, std::__2::istreambuf_iterator<char, std::__2::char_traits<char>>, std::__2::ios_base&, unsigned int&, unsigned short&) const",1457,3536
166,"unsigned short std::__2::__num_get_unsigned_integral[abi:nn180100]<unsigned short>(char const*, char const*, unsigned int&, int)",346,1312
167,"std::__2::num_get<char, std::__2::istreambuf_iterator<char, std::__2::char_traits<char>>>::do_get(std::__2::istreambuf_iterator<char, std::__2::char_traits<char>>, std::__2::istreambuf_iterator<char, std::__2::char_traits<char>>, std::__2::ios_base&, unsigned int&, unsigned int&) const",22,808
168,"std::__2::istreambuf_iterator<char, std::__2::char_traits<char>> std::__2::num_get<char, std::__2::istreambuf_iterator<char, std::__2::char_traits<char>>>::__do_get_unsigned<unsigned int>(std::__2::istreambuf_iterator<char, std::__2::char_traits<char>>, std::__2::istreambuf_iterator<char, std::__2::char_traits<char>>, std::__2::ios_base&, unsigned int&, unsigned int&) const",1742,3936
169,"std::__2::num_get<char, std::__2::istreambuf_iterator<char, std::__2::char_traits<char>>>::do_get(std::__2::istreambuf_iterator<char, std::__2::char_traits<char>>, std::__2::istreambuf_iterator<char, std::__2::char_traits<char>>, std::__2::ios_base&, unsigned int&, unsigned long&) const",22,808
170,"std::__2::istreambuf_iterator<char, std::__2::char_traits<char>> std::__2::num_get<char, std::__2::istreambuf_iterator<char, std::__2::char_traits<char>>>::__do_get_unsigned<unsigned long>(std::__2::istreambuf_iterator<char, std::__2::char_traits<char>>, std::__2::istreambuf_iterator<char, std::__2::char_traits<char>>, std::__2::ios_base&, unsigned int&, unsigned long&) const",1742,3936
171,"std::__2::num_get<char, std::__2::istreambuf_iterator<char, std::__2::char_traits<char>>>::do_get(std::__2::istreambuf_iterator<char, std::__2::char_traits<char>>, std::__2::istreambuf_iterator<char, std::__2::char_traits<char>>, std::__2::ios_base&, unsigned int&, unsigned long long&) const",22,808
172,"std::__2::istreambuf_iterator<char, std::__2::char_traits<char>> std::__2::num_get<char, std::__2::istreambuf_iterator<char, std::__2::char_traits<char>>>::__do_get_unsigned<unsigned long long>(std::__2::istreambuf_iterator<char, std::__2::char_traits<char>>, std::__2::istreambuf_iterator<char, std::__2::char_traits<char>>, std::__2::ios_base&, unsigned int&, unsigned long long&) const",1709,3904
173,"std::__2::num_get<char, std::__2::istreambuf_iterator<char, std::__2::char_traits<char>>>::do_get(std::__2::istreambuf_iterator<char, std::__2::char_traits<char>>, std::__2::istreambuf_iterator<char, std::__2::char_traits<char>>, std::__2::ios_base&, unsigned int&, float&) const",22,808
174,"std::__2::istreambuf_iterator<char, std::__2::char_traits<char>> std::__2::num_get<char, std::__2::istreambuf_iterator<char, std::__2::char_traits<char>>>::__do_get_floating_point<float>(std::__2::istreambuf_iterator<char, std::__2::char_traits<char>>, std::__2::istreambuf_iterator<char, std::__2::char_traits<char>>, std::__2::ios_base&, unsigned int&, float&) const",1676,4024
175,"std::__2::__num_get<char>::__stage2_float_prep(std::__2::ios_base&, char*, char&, char&)",446,1712
176,"std::__2::__num_get<char>::__stage2_float_loop(char, bool&, char&, char*, char*&, char, char, std::__2::basic_string<char, std::__2::char_traits<char>, std::__2::allocator<char>> const&, unsigned int*, unsigned int*&, unsigned int&, char*)",546,1712
177,"std::__2::num_get<char, std::__2::istreambuf_iterator<char, std::__2::char_traits<char>>>::do_get(std::__2::istreambuf_iterator<char, std::__2::char_traits<char>>, std::__2::istreambuf_iterator<char, std::__2::char_traits<char>>, std::__2::ios_base&, unsigned int&, double&) const",22,808
178,"std::__2::istreambuf_iterator<char, std::__2::char_traits<char>> std::__2::num_get<char, std::__2::istreambuf_iterator<char, std::__2::char_traits<char>>>::__do_get_floating_point<double>(std::__2::istreambuf_iterator<char, std::__2::char_traits<char>>, std::__2::istreambuf_iterator<char, std::__2::char_traits<char>>, std::__2::ios_base&, unsigned int&, double&) const",1687,4024
179,"std::__2::num_get<char, std::__2::istreambuf_iterator<char, std::__2::char_traits<char>>>::do_get(std::__2::istreambuf_iterator<char, std::__2::char_traits<char>>, std::__2::istreambuf_iterator<char, std::__2::char_traits<char>>, std::__2::ios_base&, unsigned int&, long double&) const",22,808
180,"std::__2::istreambuf_iterator<char, std::__2::char_traits<char>> std::__2::num_get<char, std::__2::istreambuf_iterator<char, std::__2::char_traits<char>>>::__do_get_floating_point<long double>(std::__2::istreambuf_iterator<char, std::__2::char_traits<char>>, std::__2::istreambuf_iterator<char, std::__2::char_traits<char>>, std::__2::ios_base&, unsigned int&, long double&) const",1708,3880
181,"std::__2::num_get<char, std::__2::istreambuf_iterator<char, std::__2::char_traits<char>>>::do_get(std::__2::istreambuf_iterator<char, std::__2::char_traits<char>>, std::__2::istreambuf_iterator<char, std::__2::char_traits<char>>, std::__2::ios_base&, unsigned int&, void*&) const",1478,3728
182,"std::__2::__libcpp_sscanf_l(char const*, __locale_struct*, char const*, ...)",87,1056
183,"std::__2::num_get<wchar_t, std::__2::istreambuf_iterator<wchar_t, std::__2::char_traits<wchar_t>>>::do_get(std::__2::istreambuf_iterator<wchar_t, std::__2::char_traits<wchar_t>>, std::__2::istreambuf_iterator<wchar_t, std::__2::char_traits<wchar_t>>, std::__2::ios_base&, unsigned int&, bool&) const",619,2224
184,"std::__2::basic_string<wchar_t, std::__2::char_traits<wchar_t>, std::__2::allocator<wchar_t>> const* std::__2::__scan_keyword[abi:nn180100]<std::__2::istreambuf_iterator<wchar_t, std::__2::char_traits<wchar_t>>, std::__2::basic_string<wchar_t, std::__2::char_traits<wchar_t>, std::__2::allocator<wchar_t>> const*, std::__2::ctype<wchar_t>>(std::__2::istreambuf_iterator<wchar_t, std::__2::char_traits<wchar_t>>&, std::__2::istreambuf_iterator<wchar_t, std::__2::char_traits<wchar_t>>, std::__2::basic_string<wchar_t, std::__2::char_traits<wchar_t>, std::__2::allocator<wchar_t>> const*, std::__2::basic_string<wchar_t, std::__2::char_traits<wchar_t>, std::__2::allocator<wchar_t>> const*, std::__2::ctype<wchar_t> const&, unsigned int&, bool)",1121,2952
185,"std::__2::num_get<wchar_t, std::__2::istreambuf_iterator<wchar_t, std::__2::char_traits<wchar_t>>>::do_get(std::__2::istreambuf_iterator<wchar_t, std::__2::char_traits<wchar_t>>, std::__2::istreambuf_iterator<wchar_t, std::__2::char_traits<wchar_t>>, std::__2::ios_base&, unsigned int&, long&) const",22,808
186,"std::__2::istreambuf_iterator<wchar_t, std::__2::char_traits<wchar_t>> std::__2::num_get<wchar_t, std::__2::istreambuf_iterator<wchar_t, std::__2::char_traits<wchar_t>>>::__do_get_signed<long>(std::__2::istreambuf_iterator<wchar_t, std::__2::char_traits<wchar_t>>, std::__2::istreambuf_iterator<wchar_t, std::__2::char_traits<wchar_t>>, std::__2::ios_base&, unsigned int&, long&) const",1796,4120
187,"wchar_t const* std::__2::__num_get<wchar_t>::__do_widen_p<wchar_t>(std::__2::ios_base&, wchar_t*) const",243,1312
188,"std::__2::__num_get<wchar_t>::__stage2_int_prep(std::__2::ios_base&, wchar_t&)",249,1360
189,"std::__2::__num_get<wchar_t>::__stage2_int_loop(wchar_t, int, char*, char*&, unsigned int&, wchar_t, std::__2::basic_string<char, std::__2::char_traits<char>, std::__2::allocator<char>> const&, unsigned int*, unsigned int*&, wchar_t const*)",365,1280
190,"std::__2::num_get<wchar_t, std::__2::istreambuf_iterator<wchar_t, std::__2::char_traits<wchar_t>>>::do_get(std::__2::istreambuf_iterator<wchar_t, std::__2::char_traits<wchar_t>>, std::__2::istreambuf_iterator<wchar_t, std::__2::char_traits<wchar_t>>, std::__2::ios_base&, unsigned int&, long long&) const",22,808
191,"std::__2::istreambuf_iterator<wchar_t, std::__2::char_traits<wchar_t>> std::__2::num_get<wchar_t, std::__2::istreambuf_iterator<wchar_t, std::__2::char_traits<wchar_t>>>::__do_get_signed<long long>(std::__2::istreambuf_iterator<wchar_t, std::__2::char_traits<wchar_t>>, std::__2::istreambuf_iterator<wchar_t, std::__2::char_traits<wchar_t>>, std::__2::ios_base&, unsigned int&, long long&) const",1730,4032
192,"std::__2::num_get<wchar_t, std::__2::istreambuf_iterator<wchar_t, std::__2::char_traits<wchar_t>>>::do_get(std::__2::istreambuf_iterator<wchar_t, std::__2::char_traits<wchar_t>>, std::__2::istreambuf_iterator<wchar_t, std::__2::char_traits<wchar_t>>, std::__2::ios_base&, unsigned int&, unsigned short&) const",22,808
193,"std::__2::istreambuf_iterator<wchar_t, std::__2::char_traits<wchar_t>> std::__2::num_get<wchar_t, std::__2::istreambuf_iterator<wchar_t, std::__2::char_traits<wchar_t>>>::__do_get_unsigned<unsigned short>(std::__2::istreambuf_iterator<wchar_t, std::__2::char_traits<wchar_t>>, std::__2::istreambuf_iterator<wchar_t, std::__2::char_traits<wchar_t>>, std::__2::ios_base&, unsigned int&, unsigned short&) const",1507,3600
194,"std::__2::num_get<wchar_t, std::__2::istreambuf_iterator<wchar_t, std::__2::char_traits<wchar_t>>>::do_get(std::__2::istreambuf_iterator<wchar_t, std::__2::char_traits<wchar_t>>, std::__2::istreambuf_iterator<wchar_t, std::__2::char_traits<wchar_t>>, std::__2::ios_base&, unsigned int&, unsigned int&) const",22,808
195,"std::__2::istreambuf_iterator<wchar_t, std::__2::char_traits<wchar_t>> std::__2::num_get<wchar_t, std::__2::istreambuf_iterator<wchar_t, std::__2::char_traits<wchar_t>>>::__do_get_unsigned<unsigned int>(std::__2::istreambuf_iterator<wchar_t, std::__2::char_traits<wchar_t>>, std::__2::istreambuf_iterator<wchar_t, std::__2::char_traits<wchar_t>>, std::__2::ios_base&, unsigned int&, unsigned int&) const",1793,4112
196,"std::__2::num_get<wchar_t, std::__2::istreambuf_iterator<wchar_t, std::__2::char_traits<wchar_t>>>::do_get(std::__2::istreambuf_iterator<wchar_t, std::__2::char_traits<wchar_t>>, std::__2::istreambuf_iterator<wchar_t, std::__2::char_traits<wchar_t>>, std::__2::ios_base&, unsigned int&, unsigned long&) const",22,808
197,"std::__2::istreambuf_iterator<wchar_t, std::__2::char_traits<wchar_t>> std::__2::num_get<wchar_t, std::__2::istreambuf_iterator<wchar_t, std::__2::char_traits<wchar_t>>>::__do_get_unsigned<unsigned long>(std::__2::istreambuf_iterator<wchar_t, std::__2::char_traits<wchar_t>>, std::__2::istreambuf_iterator<wchar_t, std::__2::char_traits<wchar_t>>, std::__2::ios_base&, unsigned int&, unsigned long&) const",1793,4112
198,"std::__2::num_get<wchar_t, std::__2::istreambuf_iterator<wchar_t, std::__2::char_traits<wchar_t>>>::do_get(std::__2::istreambuf_iterator<wchar_t, std::__2::char_traits<wchar_t>>, std::__2::istreambuf_iterator<wchar_t, std::__2::char_traits<wchar_t>>, std::__2::ios_base&, unsigned int&, unsigned long long&) const",22,808
199,"std::__2::istreambuf_iterator<wchar_t, std::__2::char_traits<wchar_t>> std::__2::num_get<wchar_t, std::__2::istreambuf_iterator<wchar_t, std::__2::char_traits<wchar_t>>>::__do_get_unsigned<unsigned long long>(std::__2::istreambuf_iterator<wchar_t, std::__2::char_traits<wchar_t>>, std::__2::istreambuf_iterator<wchar_t, std::__2::char_traits<wchar_t>>, std::__2::ios_base&, unsigned int&, unsigned long long&) const",1760,4008
200,"std::__2::num_get<wchar_t, std::__2::istreambuf_iterator<wchar_t, std::__2::char_traits<wchar_t>>>::do_get(std::__2::istreambuf_iterator<wchar_t, std::__2::char_traits<wchar_t>>, std::__2::istreambuf_iterator<wchar_t, std::__2::char_traits<wchar_t>>, std::__2::ios_base&, unsigned int&, float&) const",22,808
201,"std::__2::istreambuf_iterator<wchar_t, std::__2::char_traits<wchar_t>> std::__2::num_get<wchar_t, std::__2::istreambuf_iterator<wchar_t, std::__2::char_traits<wchar_t>>>::__do_get_floating_point<float>(std::__2::istreambuf_iterator<wchar_t, std::__2::char_traits<wchar_t>>, std::__2::istreambuf_iterator<wchar_t, std::__2::char_traits<wchar_t>>, std::__2::ios_base&, unsigned int&, float&) const",1713,4128
202,"std::__2::__num_get<wchar_t>::__stage2_float_prep(std::__2::ios_base&, wchar_t*, wchar_t&, wchar_t&)",446,1712
203,"std::__2::__num_get<wchar_t>::__stage2_float_loop(wchar_t, bool&, char&, char*, char*&, wchar_t, wchar_t, std::__2::basic_string<char, std::__2::char_traits<char>, std::__2::allocator<char>> const&, unsigned int*, unsigned int*&, unsigned int&, wchar_t*)",536,1704
204,"std::__2::num_get<wchar_t, std::__2::istreambuf_iterator<wchar_t, std::__2::char_traits<wchar_t>>>::do_get(std::__2::istreambuf_iterator<wchar_t, std::__2::char_traits<wchar_t>>, std::__2::istreambuf_iterator<wchar_t, std::__2::char_traits<wchar_t>>, std::__2::ios_base&, unsigned int&, double&) const",22,808
205,"std::__2::istreambuf_iterator<wchar_t, std::__2::char_traits<wchar_t>> std::__2::num_get<wchar_t, std::__2::istreambuf_iterator<wchar_t, std::__2::char_traits<wchar_t>>>::__do_get_floating_point<double>(std::__2::istreambuf_iterator<wchar_t, std::__2::char_traits<wchar_t>>, std::__2::istreambuf_iterator<wchar_t, std::__2::char_traits<wchar_t>>, std::__2::ios_base&, unsigned int&, double&) const",1724,4128
206,"std::__2::num_get<wchar_t, std::__2::istreambuf_iterator<wchar_t, std::__2::char_traits<wchar_t>>>::do_get(std::__2::istreambuf_iterator<wchar_t, std::__2::char_traits<wchar_t>>, std::__2::istreambuf_iterator<wchar_t, std::__2::char_traits<wchar_t>>, std::__2::ios_base&, unsigned int&, long double&) const",22,808
207,"std::__2::istreambuf_iterator<wchar_t, std::__2::char_traits<wchar_t>> std::__2::num_get<wchar_t, std::__2::istreambuf_iterator<wchar_t, std::__2::char_traits<wchar_t>>>::__do_get_floating_point<long double>(std::__2::istreambuf_iterator<wchar_t, std::__2::char_traits<wchar_t>>, std::__2::istreambuf_iterator<wchar_t, std::__2::char_traits<wchar_t>>, std::__2::ios_base&, unsigned int&, long double&) const",1745,4016
208,"std::__2::num_get<wchar_t, std::__2::istreambuf_iterator<wchar_t, std::__2::char_traits<wchar_t>>>::do_get(std::__2::istreambuf_iterator<wchar_t, std::__2::char_traits<wchar_t>>, std::__2::istreambuf_iterator<wchar_t, std::__2::char_traits<wchar_t>>, std::__2::ios_base&, unsigned int&, void*&) const",1524,3640
209,"std::__2::num_put<char, std::__2::ostreambuf_iterator<char, std::__2::char_traits<char>>>::do_put(std::__2::ostreambuf_iterator<char, std::__2::char_traits<char>>, std::__2::ios_base&, char, bool) const",493,1680
210,"std::__2::num_put<char, std::__2::ostreambuf_iterator<char, std::__2::char_traits<char>>>::do_put(std::__2::ostreambuf_iterator<char, std::__2::char_traits<char>>, std::__2::ios_base&, char, long) const",33,832
211,"std::__2::ostreambuf_iterator<char, std::__2::char_traits<char>> std::__2::num_put<char, std::__2::ostreambuf_iterator<char, std::__2::char_traits<char>>>::__do_put_integral[abi:nn180100]<long>(std::__2::ostreambuf_iterator<char, std::__2::char_traits<char>>, std::__2::ios_base&, char, long, char const*) const",618,1800
212,"std::__2::__libcpp_snprintf_l(char*, unsigned long, __locale_struct*, char const*, ...)",89,1064
213,"std::__2::__num_put<char>::__widen_and_group_int(char*, char*, char*, char*, char*&, char*&, std::__2::locale const&)",1071,2680
214,"std::__2::num_put<char, std::__2::ostreambuf_iterator<char, std::__2::char_traits<char>>>::do_put(std::__2::ostreambuf_iterator<char, std::__2::char_traits<char>>, std::__2::ios_base&, char, long long) const",33,832
215,"std::__2::ostreambuf_iterator<char, std::__2::char_traits<char>> std::__2::num_put<char, std::__2::ostreambuf_iterator<char, std::__2::char_traits<char>>>::__do_put_integral[abi:nn180100]<long long>(std::__2::ostreambuf_iterator<char, std::__2::char_traits<char>>, std::__2::ios_base&, char, long long, char const*) const",634,1808
216,"std::__2::num_put<char, std::__2::ostreambuf_iterator<char, std::__2::char_traits<char>>>::do_put(std::__2::ostreambuf_iterator<char, std::__2::char_traits<char>>, std::__2::ios_base&, char, unsigned long) const",33,832
217,"std::__2::ostreambuf_iterator<char, std::__2::char_traits<char>> std::__2::num_put<char, std::__2::ostreambuf_iterator<char, std::__2::char_traits<char>>>::__do_put_integral[abi:nn180100]<unsigned long>(std::__2::ostreambuf_iterator<char, std::__2::char_traits<char>>, std::__2::ios_base&, char, unsigned long, char const*) const",575,1688
218,"std::__2::num_put<char, std::__2::ostreambuf_iterator<char, std::__2::char_traits<char>>>::do_put(std::__2::ostreambuf_iterator<char, std::__2::char_traits<char>>, std::__2::ios_base&, char, unsigned long long) const",33,832
219,"std::__2::ostreambuf_iterator<char, std::__2::char_traits<char>> std::__2::num_put<char, std::__2::ostreambuf_iterator<char, std::__2::char_traits<char>>>::__do_put_integral[abi:nn180100]<unsigned long long>(std::__2::ostreambuf_iterator<char, std::__2::char_traits<char>>, std::__2::ios_base&, char, unsigned long long, char const*) const",591,1704
220,"std::__2::num_put<char, std::__2::ostreambuf_iterator<char, std::__2::char_traits<char>>>::do_put(std::__2::ostreambuf_iterator<char, std::__2::char_traits<char>>, std::__2::ios_base&, char, double) const",33,832
221,"std::__2::ostreambuf_iterator<char, std::__2::char_traits<char>> std::__2::num_put<char, std::__2::ostreambuf_iterator<char, std::__2::char_traits<char>>>::__do_put_floating_point[abi:nn180100]<double>(std::__2::ostreambuf_iterator<char, std::__2::char_traits<char>>, std::__2::ios_base&, char, double, char const*) const",1297,2912
222,"std::__2::__libcpp_asprintf_l(char**, __locale_struct*, char const*, ...)",87,1056
223,"std::__2::__num_put<char>::__widen_and_group_float(char*, char*, char*, char*, char*&, char*&, std::__2::locale const&)",1644,3808
224,"std::__2::num_put<char, std::__2::ostreambuf_iterator<char, std::__2::char_traits<char>>>::do_put(std::__2::ostreambuf_iterator<char, std::__2::char_traits<char>>, std::__2::ios_base&, char, long double) const",35,832
225,"std::__2::ostreambuf_iterator<char, std::__2::char_traits<char>> std::__2::num_put<char, std::__2::ostreambuf_iterator<char, std::__2::char_traits<char>>>::__do_put_floating_point[abi:nn180100]<long double>(std::__2::ostreambuf_iterator<char, std::__2::char_traits<char>>, std::__2::ios_base&, char, long double, char const*) const",1341,2984
226,"std::__2::num_put<char, std::__2::ostreambuf_iterator<char, std::__2::char_traits<char>>>::do_put(std::__2::ostreambuf_iterator<char, std::__2::char_traits<char>>, std::__2::ios_base&, char, void const*) const",583,1808
227,"std::__2::num_put<wchar_t, std::__2::ostreambuf_iterator<wchar_t, std::__2::char_traits<wchar_t>>>::do_put(std::__2::ostreambuf_iterator<wchar_t, std::__2::char_traits<wchar_t>>, std::__2::ios_base&, wchar_t, bool) const",517,1648
228,"std::__2::num_put<wchar_t, std::__2::ostreambuf_iterator<wchar_t, std::__2::char_traits<wchar_t>>>::do_put(std::__2::ostreambuf_iterator<wchar_t, std::__2::char_traits<wchar_t>>, std::__2::ios_base&, wchar_t, long) const",33,832
229,"std::__2::ostreambuf_iterator<wchar_t, std::__2::char_traits<wchar_t>> std::__2::num_put<wchar_t, std::__2::ostreambuf_iterator<wchar_t, std::__2::char_traits<wchar_t>>>::__do_put_integral[abi:nn180100]<long>(std::__2::ostreambuf_iterator<wchar_t, std::__2::char_traits<wchar_t>>, std::__2::ios_base&, wchar_t, long, char const*) const",632,1808
230,"std::__2::__num_put<wchar_t>::__widen_and_group_int(char*, char*, char*, wchar_t*, wchar_t*&, wchar_t*&, std::__2::locale const&)",1094,2792
231,"std::__2::ostreambuf_iterator<wchar_t, std::__2::char_traits<wchar_t>> std::__2::__pad_and_output[abi:nn180100]<wchar_t, std::__2::char_traits<wchar_t>>(std::__2::ostreambuf_iterator<wchar_t, std::__2::char_traits<wchar_t>>, wchar_t const*, wchar_t const*, wchar_t const*, std::__2::ios_base&, wchar_t)",578,1864
232,"std::__2::num_put<wchar_t, std::__2::ostreambuf_iterator<wchar_t, std::__2::char_traits<wchar_t>>>::do_put(std::__2::ostreambuf_iterator<wchar_t, std::__2::char_traits<wchar_t>>, std::__2::ios_base&, wchar_t, long long) const",33,832
233,"std::__2::ostreambuf_iterator<wchar_t, std::__2::char_traits<wchar_t>> std::__2::num_put<wchar_t, std::__2::ostreambuf_iterator<wchar_t, std::__2::char_traits<wchar_t>>>::__do_put_integral[abi:nn180100]<long long>(std::__2::ostreambuf_iterator<wchar_t, std::__2::char_traits<wchar_t>>, std::__2::ios_base&, wchar_t, long long, char const*) const",639,1816
234,"std::__2::num_put<wchar_t, std::__2::ostreambuf_iterator<wchar_t, std::__2::char_traits<wchar_t>>>::do_put(std::__2::ostreambuf_iterator<wchar_t, std::__2::char_traits<wchar_t>>, std::__2::ios_base&, wchar_t, unsigned long) const",33,832
235,"std::__2::ostreambuf_iterator<wchar_t, std::__2::char_traits<wchar_t>> std::__2::num_put<wchar_t, std::__2::ostreambuf_iterator<wchar_t, std::__2::char_traits<wchar_t>>>::__do_put_integral[abi:nn180100]<unsigned long>(std::__2::ostreambuf_iterator<wchar_t, std::__2::char_traits<wchar_t>>, std::__2::ios_base&, wchar_t, unsigned long, char const*) const",588,1712
236,"std::__2::num_put<wchar_t, std::__2::ostreambuf_iterator<wchar_t, std::__2::char_traits<wchar_t>>>::do_put(std::__2::ostreambuf_iterator<wchar_t, std::__2::char_traits<wchar_t>>, std::__2::ios_base&, wchar_t, unsigned long long) const",33,832
237,"std::__2::ostreambuf_iterator<wchar_t, std::__2::char_traits<wchar_t>> std::__2::num_put<wchar_t, std::__2::ostreambuf_iterator<wchar_t, std::__2::char_traits<wchar_t>>>::__do_put_integral[abi:nn180100]<unsigned long long>(std::__2::ostreambuf_iterator<wchar_t, std::__2::char_traits<wchar_t>>, std::__2::ios_base&, wchar_t, unsigned long long, char const*) const",596,1720
238,"std::__2::num_put<wchar_t, std::__2::ostreambuf_iterator<wchar_t, std::__2::char_traits<wchar_t>>>::do_put(std::__2::ostreambuf_iterator<wchar_t, std::__2::char_traits<wchar_t>>, std::__2::ios_base&, wchar_t, double) const",33,832
239,"std::__2::ostreambuf_iterator<wchar_t, std::__2::char_traits<wchar_t>> std::__2::num_put<wchar_t, std::__2::ostreambuf_iterator<wchar_t, std::__2::char_traits<wchar_t>>>::__do_put_floating_point[abi:nn180100]<double>(std::__2::ostreambuf_iterator<wchar_t, std::__2::char_traits<wchar_t>>, std::__2::ios_base&, wchar_t, double, char const*) const",1298,2920
240,"std::__2::__num_put<wchar_t>::__widen_and_group_float(char*, char*, char*, wchar_t*, wchar_t*&, wchar_t*&, std::__2::locale const&)",1683,3792
241,"std::__2::num_put<wchar_t, std::__2::ostreambuf_iterator<wchar_t, std::__2::char_traits<wchar_t>>>::do_put(std::__2::ostreambuf_iterator<wchar_t, std::__2::char_traits<wchar_t>>, std::__2::ios_base&, wchar_t, long double) const",35,832
242,"std::__2::ostreambuf_iterator<wchar_t, std::__2::char_traits<wchar_t>> std::__2::num_put<wchar_t, std::__2::ostreambuf_iterator<wchar_t, std::__2::char_traits<wchar_t>>>::__do_put_floating_point[abi:nn180100]<long double>(std::__2::ostreambuf_iterator<wchar_t, std::__2::char_traits<wchar_t>>, std::__2::ios_base&, wchar_t, long double, char const*) const",1341,3000
243,"std::__2::num_put<wchar_t, std::__2::ostreambuf_iterator<wchar_t, std::__2::char_traits<wchar_t>>>::do_put(std::__2::ostreambuf_iterator<wchar_t, std::__2::char_traits<wchar_t>>, std::__2::ios_base&, wchar_t, void const*) const",593,1840
244,"std::__2::time_get<char, std::__2::istreambuf_iterator<char, std::__2::char_traits<char>>>::get(std::__2::istreambuf_iterator<char, std::__2::char_traits<char>>, std::__2::istreambuf_iterator<char, std::__2::char_traits<char>>, std::__2::ios_base&, unsigned int&, tm*, char const*, char const*) const",1326,4320
245,"std::__2::time_get<char, std::__2::istreambuf_iterator<char, std::__2::char_traits<char>>>::do_date_order() const",5,520
246,"std::__2::time_get<char, std::__2::istreambuf_iterator<char, std::__2::char_traits<char>>>::do_get_time(std::__2::istreambuf_iterator<char, std::__2::char_traits<char>>, std::__2::istreambuf_iterator<char, std::__2::char_traits<char>>, std::__2::ios_base&, unsigned int&, tm*) const",81,928
247,"std::__2::time_get<char, std::__2::istreambuf_iterator<char, std::__2::char_traits<char>>>::do_get_date(std::__2::istreambuf_iterator<char, std::__2::char_traits<char>>, std::__2::istreambuf_iterator<char, std::__2::char_traits<char>>, std::__2::ios_base&, unsigned int&, tm*) const",80,1016
248,"std::__2::time_get<char, std::__2::istreambuf_iterator<char, std::__2::char_traits<char>>>::do_get_weekday(std::__2::istreambuf_iterator<char, std::__2::char_traits<char>>, std::__2::istreambuf_iterator<char, std::__2::char_traits<char>>, std::__2::ios_base&, unsigned int&, tm*) const",303,1536
249,"std::__2::time_get<char, std::__2::istreambuf_iterator<char, std::__2::char_traits<char>>>::do_get_monthname(std::__2::istreambuf_iterator<char, std::__2::char_traits<char>>, std::__2::istreambuf_iterator<char, std::__2::char_traits<char>>, std::__2::ios_base&, unsigned int&, tm*) const",303,1536
250,"std::__2::time_get<char, std::__2::istreambuf_iterator<char, std::__2::char_traits<char>>>::do_get_year(std::__2::istreambuf_iterator<char, std::__2::char_traits<char>>, std::__2::istreambuf_iterator<char, std::__2::char_traits<char>>, std::__2::ios_base&, unsigned int&, tm*) const",300,1424
251,"int std::__2::__get_up_to_n_digits[abi:nn180100]<char, std::__2::istreambuf_iterator<char, std::__2::char_traits<char>>>(std::__2::istreambuf_iterator<char, std::__2::char_traits<char>>&, std::__2::istreambuf_iterator<char, std::__2::char_traits<char>>, unsigned int&, std::__2::ctype<char> const&, int)",908,2936
252,"std::__2::time_get<char, std::__2::istreambuf_iterator<char, std::__2::char_traits<char>>>::do_get(std::__2::istreambuf_iterator<char, std::__2::char_traits<char>>, std::__2::istreambuf_iterator<char, std::__2::char_traits<char>>, std::__2::ios_base&, unsigned int&, tm*, char, char) const",1933,6400
253,"std::__2::time_get<char, std::__2::istreambuf_iterator<char, std::__2::char_traits<char>>>::__get_white_space(std::__2::istreambuf_iterator<char, std::__2::char_traits<char>>&, std::__2::istreambuf_iterator<char, std::__2::char_traits<char>>, unsigned int&, std::__2::ctype<char> const&) const",501,1808
254,"std::__2::time_get<char, std::__2::istreambuf_iterator<char, std::__2::char_traits<char>>>::__get_percent(std::__2::istreambuf_iterator<char, std::__2::char_traits<char>>&, std::__2::istreambuf_iterator<char, std::__2::char_traits<char>>, unsigned int&, std::__2::ctype<char> const&) const",489,1864
255,"std::__2::time_get<wchar_t, std::__2::istreambuf_iterator<wchar_t, std::__2::char_traits<wchar_t>>>::get(std::__2::istreambuf_iterator<wchar_t, std::__2::char_traits<wchar_t>>, std::__2::istreambuf_iterator<wchar_t, std::__2::char_traits<wchar_t>>, std::__2::ios_base&, unsigned int&, tm*, wchar_t const*, wchar_t const*) const",1378,4416
256,"std::__2::time_get<wchar_t, std::__2::istreambuf_iterator<wchar_t, std::__2::char_traits<wchar_t>>>::do_date_order() const",5,520
257,"std::__2::time_get<wchar_t, std::__2::istreambuf_iterator<wchar_t, std::__2::char_traits<wchar_t>>>::do_get_time(std::__2::istreambuf_iterator<wchar_t, std::__2::char_traits<wchar_t>>, std::__2::istreambuf_iterator<wchar_t, std::__2::char_traits<wchar_t>>, std::__2::ios_base&, unsigned int&, tm*) const",110,1176
258,"std::__2::time_get<wchar_t, std::__2::istreambuf_iterator<wchar_t, std::__2::char_traits<wchar_t>>>::do_get_date(std::__2::istreambuf_iterator<wchar_t, std::__2::char_traits<wchar_t>>, std::__2::istreambuf_iterator<wchar_t, std::__2::char_traits<wchar_t>>, std::__2::ios_base&, unsigned int&, tm*) const",83,1016
259,"std::__2::time_get<wchar_t, std::__2::istreambuf_iterator<wchar_t, std::__2::char_traits<wchar_t>>>::do_get_weekday(std::__2::istreambuf_iterator<wchar_t, std::__2::char_traits<wchar_t>>, std::__2::istreambuf_iterator<wchar_t, std::__2::char_traits<wchar_t>>, std::__2::ios_base&, unsigned int&, tm*) const",303,1536
260,"std::__2::time_get<wchar_t, std::__2::istreambuf_iterator<wchar_t, std::__2::char_traits<wchar_t>>>::do_get_monthname(std::__2::istreambuf_iterator<wchar_t, std::__2::char_traits<wchar_t>>, std::__2::istreambuf_iterator<wchar_t, std::__2::char_traits<wchar_t>>, std::__2::ios_base&, unsigned int&, tm*) const",303,1536
261,"std::__2::time_get<wchar_t, std::__2::istreambuf_iterator<wchar_t, std::__2::char_traits<wchar_t>>>::do_get_year(std::__2::istreambuf_iterator<wchar_t, std::__2::char_traits<wchar_t>>, std::__2::istreambuf_iterator<wchar_t, std::__2::char_traits<wchar_t>>, std::__2::ios_base&, unsigned int&, tm*) const",300,1424
262,"int std::__2::__get_up_to_n_digits[abi:nn180100]<wchar_t, std::__2::istreambuf_iterator<wchar_t, std::__2::char_traits<wchar_t>>>(std::__2::istreambuf_iterator<wchar_t, std::__2::char_traits<wchar_t>>&, std::__2::istreambuf_iterator<wchar_t, std::__2::char_traits<wchar_t>>, unsigned int&, std::__2::ctype<wchar_t> const&, int)",963,2976
263,"std::__2::time_get<wchar_t, std::__2::istreambuf_iterator<wchar_t, std::__2::char_traits<wchar_t>>>::do_get(std::__2::istreambuf_iterator<wchar_t, std::__2::char_traits<wchar_t>>, std::__2::istreambuf_iterator<wchar_t, std::__2::char_traits<wchar_t>>, std::__2::ios_base&, unsigned int&, tm*, char, char) const",2070,6616
264,"std::__2::time_get<wchar_t, std::__2::istreambuf_iterator<wchar_t, std::__2::char_traits<wchar_t>>>::__get_white_space(std::__2::istreambuf_iterator<wchar_t, std::__2::char_traits<wchar_t>>&, std::__2::istreambuf_iterator<wchar_t, std::__2::char_traits<wchar_t>>, unsigned int&, std::__2::ctype<wchar_t> const&) const",530,1856
265,"std::__2::time_get<wchar_t, std::__2::istreambuf_iterator<wchar_t, std::__2::char_traits<wchar_t>>>::__get_percent(std::__2::istreambuf_iterator<wchar_t, std::__2::char_traits<wchar_t>>&, std::__2::istreambuf_iterator<wchar_t, std::__2::char_traits<wchar_t>>, unsigned int&, std::__2::ctype<wchar_t> const&) const",533,1848
266,"std::__2::time_put<char, std::__2::ostreambuf_iterator<char, std::__2::char_traits<char>>>::do_put(std::__2::ostreambuf_iterator<char, std::__2::char_traits<char>>, std::__2::ios_base&, char, tm const*, char, char) const",236,1280
267,"std::__2::time_put<wchar_t, std::__2::ostreambuf_iterator<wchar_t, std::__2::char_traits<wchar_t>>>::do_put(std::__2::ostreambuf_iterator<wchar_t, std::__2::char_traits<wchar_t>>, std::__2::ios_base&, wchar_t, tm const*, char, char) const",221,1216
268,"std::__2::__time_put::__do_put(wchar_t*, wchar_t*&, tm const*, char, char) const",237,1352
269,"std::__2::moneypunct<char, false>::do_decimal_point() const",6,520
270,"std::__2::moneypunct<char, false>::do_thousands_sep() const",6,520
271,"std::__2::moneypunct<char, false>::do_grouping() const",20,544
272,"std::__2::moneypunct<char, false>::do_curr_symbol() const",20,544
273,"std::__2::moneypunct<char, false>::do_positive_sign() const",20,544
274,"std::__2::moneypunct<char, false>::do_negative_sign() const",17,536
275,"std::__2::moneypunct<char, false>::do_frac_digits() const",5,520
276,"std::__2::moneypunct<char, false>::do_pos_format() const",13,528
277,"std::__2::moneypunct<char, false>::do_neg_format() const",13,528
278,"std::__2::moneypunct<char, true>::do_decimal_point() const",6,520
279,"std::__2::moneypunct<char, true>::do_thousands_sep() const",6,520
280,"std::__2::moneypunct<char, true>::do_grouping() const",20,544
281,"std::__2::moneypunct<char, true>::do_curr_symbol() const",20,544
282,"std::__2::moneypunct<char, true>::do_positive_sign() const",20,544
283,"std::__2::moneypunct<char, true>::do_negative_sign() const",17,536
284,"std::__2::moneypunct<char, true>::do_frac_digits() const",5,520
285,"std::__2::moneypunct<char, true>::do_pos_format() const",13,528
286,"std::__2::moneypunct<char, true>::do_neg_format() const",13,528
287,"std::__2::moneypunct<wchar_t, false>::do_decimal_point() const",9,520
288,"std::__2::moneypunct<wchar_t, false>::do_thousands_sep() const",9,520
289,"std::__2::moneypunct<wchar_t, false>::do_grouping() const",20,544
290,"std::__2::moneypunct<wchar_t, false>::do_curr_symbol() const",20,544
291,"std::__2::moneypunct<wchar_t, false>::do_positive_sign() const",20,544
292,"std::__2::moneypunct<wchar_t, false>::do_negative_sign() const",17,536
293,"std::__2::moneypunct<wchar_t, false>::do_frac_digits() const",5,520
294,"std::__2::moneypunct<wchar_t, false>::do_pos_format() const",13,528
295,"std::__2::moneypunct<wchar_t, false>::do_neg_format() const",13,528
296,"std::__2::moneypunct<wchar_t, true>::do_decimal_point() const",9,520
297,"std::__2::moneypunct<wchar_t, true>::do_thousands_sep() const",9,520
298,"std::__2::moneypunct<wchar_t, true>::do_grouping() const",20,544
299,"std::__2::moneypunct<wchar_t, true>::do_curr_symbol() const",20,544
300,"std::__2::moneypunct<wchar_t, true>::do_positive_sign() const",20,544
301,"std::__2::moneypunct<wchar_t, true>::do_negative_sign() const",17,536
302,"std::__2::moneypunct<wchar_t, true>::do_frac_digits() const",5,520
303,"std::__2::moneypunct<wchar_t, true>::do_pos_format() const",13,528
304,"std::__2::moneypunct<wchar_t, true>::do_neg_format() const",14,528
305,"std::__2::money_get<char, std::__2::istreambuf_iterator<char, std::__2::char_traits<char>>>::do_get(std::__2::istreambuf_iterator<char, std::__2::char_traits<char>>, std::__2::istreambuf_iterator<char, std::__2::char_traits<char>>, bool, std::__2::ios_base&, unsigned int&, long double&) const",874,2664
306,std::__2::__do_nothing(void*),4,512
307,"std::__2::money_get<char, std::__2::istreambuf_iterator<char, std::__2::char_traits<char>>>::__do_get(std::__2::istreambuf_iterator<char, std::__2::char_traits<char>>&, std::__2::istreambuf_iterator<char, std::__2::char_traits<char>>, bool, std::__2::locale const&, unsigned int, unsigned int&, bool&, std::__2::ctype<char> const&, std::__2::unique_ptr<char, void (*)(void*)>&, char*&, char*)",4946,11432
308,"std::__2::__money_get<char>::__gather_info(bool, std::__2::locale const&, std::__2::money_base::pattern&, char&, char&, std::__2::basic_string<char, std::__2::char_traits<char>, std::__2::allocator<char>>&, std::__2::basic_string<char, std::__2::char_traits<char>, std::__2::allocator<char>>&, std::__2::basic_string<char, std::__2::char_traits<char>, std::__2::allocator<char>>&, std::__2::basic_string<char, std::__2::char_traits<char>, std::__2::allocator<char>>&, int&)",1095,3216
309,"std::__2::money_get<char, std::__2::istreambuf_iterator<char, std::__2::char_traits<char>>>::do_get(std::__2::istreambuf_iterator<char, std::__2::char_traits<char>>, std::__2::istreambuf_iterator<char, std::__2::char_traits<char>>, bool, std::__2::ios_base&, unsigned int&, std::__2::basic_string<char, std::__2::char_traits<char>, std::__2::allocator<char>>&) const",711,2208
310,"std::__2::basic_string<char, std::__2::char_traits<char>, std::__2::allocator<char>>& std::__2::basic_string<char, std::__2::char_traits<char>, std::__2::allocator<char>>::append[abi:nn180100]<char*, 0>(char*, char*)",913,2264
311,"std::__2::money_get<wchar_t, std::__2::istreambuf_iterator<wchar_t, std::__2::char_traits<wchar_t>>>::do_get(std::__2::istreambuf_iterator<wchar_t, std::__2::char_traits<wchar_t>>, std::__2::istreambuf_iterator<wchar_t, std::__2::char_traits<wchar_t>>, bool, std::__2::ios_base&, unsigned int&, long double&) const",903,2744
312,"std::__2::money_get<wchar_t, std::__2::istreambuf_iterator<wchar_t, std::__2::char_traits<wchar_t>>>::__do_get(std::__2::istreambuf_iterator<wchar_t, std::__2::char_traits<wchar_t>>&, std::__2::istreambuf_iterator<wchar_t, std::__2::char_traits<wchar_t>>, bool, std::__2::locale const&, unsigned int, unsigned int&, bool&, std::__2::ctype<wchar_t> const&, std::__2::unique_ptr<wchar_t, void (*)(void*)>&, wchar_t*&, wchar_t*)",5428,12128
313,"std::__2::__money_get<wchar_t>::__gather_info(bool, std::__2::locale const&, std::__2::money_base::pattern&, wchar_t&, wchar_t&, std::__2::basic_string<char, std::__2::char_traits<char>, std::__2::allocator<char>>&, std::__2::basic_string<wchar_t, std::__2::char_traits<wchar_t>, std::__2::allocator<wchar_t>>&, std::__2::basic_string<wchar_t, std::__2::char_traits<wchar_t>, std::__2::allocator<wchar_t>>&, std::__2::basic_string<wchar_t, std::__2::char_traits<wchar_t>, std::__2::allocator<wchar_t>>&, int&)",1095,3208
314,"std::__2::money_get<wchar_t, std::__2::istreambuf_iterator<wchar_t, std::__2::char_traits<wchar_t>>>::do_get(std::__2::istreambuf_iterator<wchar_t, std::__2::char_traits<wchar_t>>, std::__2::istreambuf_iterator<wchar_t, std::__2::char_traits<wchar_t>>, bool, std::__2::ios_base&, unsigned int&, std::__2::basic_string<wchar_t, std::__2::char_traits<wchar_t>, std::__2::allocator<wchar_t>>&) const",865,2544
315,"std::__2::basic_string<wchar_t, std::__2::char_traits<wchar_t>, std::__2::allocator<wchar_t>>& std::__2::basic_string<wchar_t, std::__2::char_traits<wchar_t>, std::__2::allocator<wchar_t>>::append[abi:nn180100]<wchar_t*, 0>(wchar_t*, wchar_t*)",675,1896
316,"std::__2::money_put<char, std::__2::ostreambuf_iterator<char, std::__2::char_traits<char>>>::do_put(std::__2::ostreambuf_iterator<char, std::__2::char_traits<char>>, bool, std::__2::ios_base&, char, long double) const",1093,3064
317,"std::__2::__money_put<char>::__gather_info(bool, bool, std::__2::locale const&, std::__2::money_base::pattern&, char&, char&, std::__2::basic_string<char, std::__2::char_traits<char>, std::__2::allocator<char>>&, std::__2::basic_string<char, std::__2::char_traits<char>, std::__2::allocator<char>>&, std::__2::basic_string<char, std::__2::char_traits<char>, std::__2::allocator<char>>&, int&)",1193,3152
318,"std::__2::__money_put<char>::__format(char*, char*&, char*&, unsigned int, char const*, char const*, std::__2::ctype<char> const&, bool, std::__2::money_base::pattern const&, char, char, std::__2::basic_string<char, std::__2::char_traits<char>, std::__2::allocator<char>> const&, std::__2::basic_string<char, std::__2::char_traits<char>, std::__2::allocator<char>> const&, std::__2::basic_string<char, std::__2::char_traits<char>, std::__2::allocator<char>> const&, int)",1205,2880
319,"std::__2::money_put<char, std::__2::ostreambuf_iterator<char, std::__2::char_traits<char>>>::do_put(std::__2::ostreambuf_iterator<char, std::__2::char_traits<char>>, bool, std::__2::ios_base&, char, std::__2::basic_string<char, std::__2::char_traits<char>, std::__2::allocator<char>> const&) const",823,2504
320,"std::__2::money_put<wchar_t, std::__2::ostreambuf_iterator<wchar_t, std::__2::char_traits<wchar_t>>>::do_put(std::__2::ostreambuf_iterator<wchar_t, std::__2::char_traits<wchar_t>>, bool, std::__2::ios_base&, wchar_t, long double) const",1102,3160
321,"std::__2::__money_put<wchar_t>::__gather_info(bool, bool, std::__2::locale const&, std::__2::money_base::pattern&, wchar_t&, wchar_t&, std::__2::basic_string<char, std::__2::char_traits<char>, std::__2::allocator<char>>&, std::__2::basic_string<wchar_t, std::__2::char_traits<wchar_t>, std::__2::allocator<wchar_t>>&, std::__2::basic_string<wchar_t, std::__2::char_traits<wchar_t>, std::__2::allocator<wchar_t>>&, int&)",1193,3144
322,"std::__2::__money_put<wchar_t>::__format(wchar_t*, wchar_t*&, wchar_t*&, unsigned int, wchar_t const*, wchar_t const*, std::__2::ctype<wchar_t> const&, bool, std::__2::money_base::pattern const&, wchar_t, wchar_t, std::__2::basic_string<char, std::__2::char_traits<char>, std::__2::allocator<char>> const&, std::__2::basic_string<wchar_t, std::__2::char_traits<wchar_t>, std::__2::allocator<wchar_t>> const&, std::__2::basic_string<wchar_t, std::__2::char_traits<wchar_t>, std::__2::allocator<wchar_t>> const&, int)",1183,3096
323,"std::__2::money_put<wchar_t, std::__2::ostreambuf_iterator<wchar_t, std::__2::char_traits<wchar_t>>>::do_put(std::__2::ostreambuf_iterator<wchar_t, std::__2::char_traits<wchar_t>>, bool, std::__2::ios_base&, wchar_t, std::__2::basic_string<wchar_t, std::__2::char_traits<wchar_t>, std::__2::allocator<wchar_t>> const&) const",829,2504
324,"std::__2::messages<char>::do_open(std::__2::basic_string<char, std::__2::char_traits<char>, std::__2::allocator<char>> const&, std::__2::locale const&) const",5,520
325,"std::__2::messages<char>::do_get(long, int, int, std::__2::basic_string<char, std::__2::char_traits<char>, std::__2::allocator<char>> const&) const",61,888
326,std::__2::messages<char>::do_close(long) const,3,512
327,"std::__2::messages<wchar_t>::do_open(std::__2::basic_string<char, std::__2::char_traits<char>, std::__2::allocator<char>> const&, std::__2::locale const&) const",5,520
328,"std::__2::messages<wchar_t>::do_get(long, int, int, std::__2::basic_string<wchar_t, std::__2::char_traits<wchar_t>, std::__2::allocator<wchar_t>> const&) const",61,888
329,std::__2::messages<wchar_t>::do_close(long) const,4,512
330,"std::__2::basic_string<char, std::__2::char_traits<char>, std::__2::allocator<char>>::basic_string[abi:nn180100]<0>(char const*)",143,1184
331,std::__2::locale::__imp::__imp(unsigned long),1586,4384
332,void std::__2::locale::__imp::install<std::__2::collate<char>>(std::__2::collate<char>*),308,1328
333,void std::__2::locale::__imp::install<std::__2::collate<wchar_t>>(std::__2::collate<wchar_t>*),308,1328
334,void std::__2::locale::__imp::install<std::__2::ctype<char>>(std::__2::ctype<char>*),308,1320
335,void std::__2::locale::__imp::install<std::__2::ctype<wchar_t>>(std::__2::ctype<wchar_t>*),308,1320
336,"void std::__2::locale::__imp::install<std::__2::codecvt<char, char, __mbstate_t>>(std::__2::codecvt<char, char, __mbstate_t>*)",308,1320
337,"void std::__2::locale::__imp::install<std::__2::codecvt<wchar_t, char, __mbstate_t>>(std::__2::codecvt<wchar_t, char, __mbstate_t>*)",308,1320
338,"void std::__2::locale::__imp::install<std::__2::codecvt<char16_t, char, __mbstate_t>>(std::__2::codecvt<char16_t, char, __mbstate_t>*)",308,1328
339,"void std::__2::locale::__imp::install<std::__2::codecvt<char32_t, char, __mbstate_t>>(std::__2::codecvt<char32_t, char, __mbstate_t>*)",308,1328
340,"void std::__2::locale::__imp::install<std::__2::codecvt<char16_t, char8_t, __mbstate_t>>(std::__2::codecvt<char16_t, char8_t, __mbstate_t>*)",308,1328
341,"void std::__2::locale::__imp::install<std::__2::codecvt<char32_t, char8_t, __mbstate_t>>(std::__2::codecvt<char32_t, char8_t, __mbstate_t>*)",308,1328
342,void std::__2::locale::__imp::install<std::__2::numpunct<char>>(std::__2::numpunct<char>*),308,1320
343,void std::__2::locale::__imp::install<std::__2::numpunct<wchar_t>>(std::__2::numpunct<wchar_t>*),308,1320
344,"void std::__2::locale::__imp::install<std::__2::num_get<char, std::__2::istreambuf_iterator<char, std::__2::char_traits<char>>>>(std::__2::num_get<char, std::__2::istreambuf_iterator<char, std::__2::char_traits<char>>>*)",308,1328
345,"void std::__2::locale::__imp::install<std::__2::num_get<wchar_t, std::__2::istreambuf_iterator<wchar_t, std::__2::char_traits<wchar_t>>>>(std::__2::num_get<wchar_t, std::__2::istreambuf_iterator<wchar_t, std::__2::char_traits<wchar_t>>>*)",308,1328
346,"void std::__2::locale::__imp::install<std::__2::num_put<char, std::__2::ostreambuf_iterator<char, std::__2::char_traits<char>>>>(std::__2::num_put<char, std::__2::ostreambuf_iterator<char, std::__2::char_traits<char>>>*)",308,1320
347,"void std::__2::locale::__imp::install<std::__2::num_put<wchar_t, std::__2::ostreambuf_iterator<wchar_t, std::__2::char_traits<wchar_t>>>>(std::__2::num_put<wchar_t, std::__2::ostreambuf_iterator<wchar_t, std::__2::char_traits<wchar_t>>>*)",308,1328
348,"void std::__2::locale::__imp::install<std::__2::moneypunct<char, false>>(std::__2::moneypunct<char, false>*)",308,1328
349,"void std::__2::locale::__imp::install<std::__2::moneypunct<char, true>>(std::__2::moneypunct<char, true>*)",308,1328
350,"void std::__2::locale::__imp::install<std::__2::moneypunct<wchar_t, false>>(std::__2::moneypunct<wchar_t, false>*)",308,1328
351,"void std::__2::locale::__imp::install<std::__2::moneypunct<wchar_t, true>>(std::__2::moneypunct<wchar_t, true>*)",308,1328
352,"void std::__2::locale::__imp::install<std::__2::money_get<char, std::__2::istreambuf_iterator<char, std::__2::char_traits<char>>>>(std::__2::money_get<char, std::__2::istreambuf_iterator<char, std::__2::char_traits<char>>>*)",308,1328
353,"void std::__2::locale::__imp::install<std::__2::money_get<wchar_t, std::__2::istreambuf_iterator<wchar_t, std::__2::char_traits<wchar_t>>>>(std::__2::money_get<wchar_t, std::__2::istreambuf_iterator<wchar_t, std::__2::char_traits<wchar_t>>>*)",308,1328
354,"void std::__2::locale::__imp::install<std::__2::money_put<char, std::__2::ostreambuf_iterator<char, std::__2::char_traits<char>>>>(std::__2::money_put<char, std::__2::ostreambuf_iterator<char, std::__2::char_traits<char>>>*)",308,1328
355,"void std::__2::locale::__imp::install<std::__2::money_put<wchar_t, std::__2::ostreambuf_iterator<wchar_t, std::__2::char_traits<wchar_t>>>>(std::__2::money_put<wchar_t, std::__2::ostreambuf_iterator<wchar_t, std::__2::char_traits<wchar_t>>>*)",308,1328
356,"void std::__2::locale::__imp::install<std::__2::time_get<char, std::__2::istreambuf_iterator<char, std::__2::char_traits<char>>>>(std::__2::time_get<char, std::__2::istreambuf_iterator<char, std::__2::char_traits<char>>>*)",308,1328
357,"void std::__2::locale::__imp::install<std::__2::time_get<wchar_t, std::__2::istreambuf_iterator<wchar_t, std::__2::char_traits<wchar_t>>>>(std::__2::time_get<wchar_t, std::__2::istreambuf_iterator<wchar_t, std::__2::char_traits<wchar_t>>>*)",308,1328
358,"void std::__2::locale::__imp::install<std::__2::time_put<char, std::__2::ostreambuf_iterator<char, std::__2::char_traits<char>>>>(std::__2::time_put<char, std::__2::ostreambuf_iterator<char, std::__2::char_traits<char>>>*)",308,1328
359,"void std::__2::locale::__imp::install<std::__2::time_put<wchar_t, std::__2::ostreambuf_iterator<wchar_t, std::__2::char_traits<wchar_t>>>>(std::__2::time_put<wchar_t, std::__2::ostreambuf_iterator<wchar_t, std::__2::char_traits<wchar_t>>>*)",308,1328
360,void std::__2::locale::__imp::install<std::__2::messages<char>>(std::__2::messages<char>*),308,1328
361,void std::__2::locale::__imp::install<std::__2::messages<wchar_t>>(std::__2::messages<wchar_t>*),308,1328
362,"std::__2::vector<std::__2::locale::facet*, std::__2::__sso_allocator<std::__2::locale::facet*, 30ul>>::__append(unsigned long)",395,1528
363,std::__2::locale::classic(),93,960
364,"std::__2::vector<std::__2::locale::facet*, std::__2::__sso_allocator<std::__2::locale::facet*, 30ul>>::__throw_length_error[abi:nn180100]() const",24,816
365,std::__2::locale::__imp::~__imp(),253,1320
366,std::__2::locale::__imp::~__imp(),17,864
367,std::__2::locale::locale(),125,1040
368,std::__2::locale::locale(std::__2::locale const&),51,560
369,std::__2::locale::~locale(),74,912
370,std::__2::locale::use_facet(std::__2::locale::id&) const,172,1104
371,std::__2::locale::facet::~facet(),20,904
372,std::__2::locale::facet::__on_zero_shared(),20,840
373,std::__2::ctype<wchar_t>::~ctype(),20,904
374,"std::__2::ctype<wchar_t>::do_is(unsigned long, wchar_t) const",52,560
375,"std::__2::ctype<wchar_t>::do_is(wchar_t const*, wchar_t const*, unsigned long*) const",94,600
376,"std::__2::ctype<wchar_t>::do_scan_is(unsigned long, wchar_t const*, wchar_t const*) const",79,592
377,"std::__2::ctype<wchar_t>::do_scan_not(unsigned long, wchar_t const*, wchar_t const*) const",78,584
378,std::__2::ctype<wchar_t>::do_toupper(wchar_t) const,143,1056
379,"std::__2::ctype<wchar_t>::do_toupper(wchar_t*, wchar_t const*) const",193,1144
380,std::__2::ctype<wchar_t>::do_tolower(wchar_t) const,143,1056
381,"std::__2::ctype<wchar_t>::do_tolower(wchar_t*, wchar_t const*) const",192,1144
382,std::__2::ctype<wchar_t>::do_widen(char) const,6,520
383,"std::__2::ctype<wchar_t>::do_widen(char const*, char const*, wchar_t*) const",221,800
384,"std::__2::ctype<wchar_t>::do_narrow(wchar_t, char) const",15,528
385,"std::__2::ctype<wchar_t>::do_narrow(wchar_t const*, wchar_t const*, char, char*) const",64,576
386,"std::__2::ctype<char>::ctype(unsigned long const*, bool, unsigned long)",68,608
387,std::__2::ctype<char>::~ctype(),60,952
388,std::__2::ctype<char>::~ctype(),21,904
389,std::__2::ctype<char>::do_toupper(char) const,151,1072
390,"std::__2::ctype<char>::do_toupper(char*, char const*) const",195,1152
391,std::__2::ctype<char>::do_tolower(char) const,151,1072
392,"std::__2::ctype<char>::do_tolower(char*, char const*) const",194,1152
393,std::__2::ctype<char>::do_widen(char) const,6,520
394,"std::__2::ctype<char>::do_widen(char const*, char const*, char*) const",200,816
395,"std::__2::ctype<char>::do_narrow(char, char) const",14,528
396,"std::__2::ctype<char>::do_narrow(char const*, char const*, char, char*) const",210,768
397,"std::__2::codecvt<char, char, __mbstate_t>::~codecvt()",20,904
398,"std::__2::codecvt<char, char, __mbstate_t>::do_out(__mbstate_t&, char const*, char const*, char const*&, char*, char*, char*&) const",19,544
399,"std::__2::codecvt<char, char, __mbstate_t>::do_in(__mbstate_t&, char const*, char const*, char const*&, char*, char*, char*&) const",19,544
400,"std::__2::codecvt<char, char, __mbstate_t>::do_unshift(__mbstate_t&, char*, char*, char*&) const",12,536
401,"std::__2::codecvt<char, char, __mbstate_t>::do_encoding() const",5,520
402,"std::__2::codecvt<char, char, __mbstate_t>::do_always_noconv() const",5,520
403,"std::__2::codecvt<char, char, __mbstate_t>::do_length(__mbstate_t&, char const*, char const*, unsigned long) const",18,528
404,"std::__2::codecvt<char, char, __mbstate_t>::do_max_length() const",6,520
405,"std::__2::codecvt<wchar_t, char, __mbstate_t>::codecvt(unsigned long)",143,1008
406,"std::__2::codecvt<wchar_t, char, __mbstate_t>::~codecvt()",21,904
407,"std::__2::codecvt<wchar_t, char, __mbstate_t>::do_out(__mbstate_t&, wchar_t const*, wchar_t const*, wchar_t const*&, char*, char*, char*&) const",827,2360
408,"std::__2::codecvt<wchar_t, char, __mbstate_t>::do_in(__mbstate_t&, char const*, char const*, char const*&, wchar_t*, wchar_t*, wchar_t*&) const",585,2104
409,"std::__2::codecvt<wchar_t, char, __mbstate_t>::do_unshift(__mbstate_t&, char*, char*, char*&) const",380,1368
410,"std::__2::codecvt<wchar_t, char, __mbstate_t>::do_encoding() const",119,1152
411,"std::__2::codecvt<wchar_t, char, __mbstate_t>::do_always_noconv() const",6,520
412,"std::__2::codecvt<wchar_t, char, __mbstate_t>::do_length(__mbstate_t&, char const*, char const*, unsigned long) const",142,1160
413,"std::__2::codecvt<wchar_t, char, __mbstate_t>::do_max_length() const",57,968
414,"std::__2::codecvt<char16_t, char, __mbstate_t>::~codecvt()",20,904
415,"std::__2::codecvt<char16_t, char, __mbstate_t>::do_out(__mbstate_t&, char16_t const*, char16_t const*, char16_t const*&, char*, char*, char*&) const",103,1040
416,"std::__2::utf16_to_utf8(unsigned short const*, unsigned short const*, unsigned short const*&, unsigned char*, unsigned char*, unsigned char*&, unsigned long, std::__2::codecvt_mode)",821,1288
417,"std::__2::codecvt<char16_t, char, __mbstate_t>::do_in(__mbstate_t&, char const*, char const*, char const*&, char16_t*, char16_t*, char16_t*&) const",103,1040
418,"std::__2::utf8_to_utf16(unsigned char const*, unsigned char const*, unsigned char const*&, unsigned short*, unsigned short*, unsigned short*&, unsigned long, std::__2::codecvt_mode)",833,712
419,"std::__2::codecvt<char16_t, char, __mbstate_t>::do_unshift(__mbstate_t&, char*, char*, char*&) const",12,536
420,"std::__2::codecvt<char16_t, char, __mbstate_t>::do_encoding() const",5,520
421,"std::__2::codecvt<char16_t, char, __mbstate_t>::do_always_noconv() const",5,520
422,"std::__2::codecvt<char16_t, char, __mbstate_t>::do_length(__mbstate_t&, char const*, char const*, unsigned long) const",23,848
423,"std::__2::utf8_to_utf16_length(unsigned char const*, unsigned char const*, unsigned long, unsigned long, std::__2::codecvt_mode)",597,672
424,"std::__2::codecvt<char16_t, char, __mbstate_t>::do_max_length() const",5,520
425,"std::__2::codecvt<char16_t, char8_t, __mbstate_t>::~codecvt()",20,904
426,"std::__2::codecvt<char16_t, char8_t, __mbstate_t>::do_out(__mbstate_t&, char16_t const*, char16_t const*, char16_t const*&, char8_t*, char8_t*, char8_t*&) const",102,1040
427,"std::__2::codecvt<char16_t, char8_t, __mbstate_t>::do_in(__mbstate_t&, char8_t const*, char8_t const*, char8_t const*&, char16_t*, char16_t*, char16_t*&) const",102,1040
428,"std::__2::codecvt<char16_t, char8_t, __mbstate_t>::do_unshift(__mbstate_t&, char8_t*, char8_t*, char8_t*&) const",12,536
429,"std::__2::codecvt<char16_t, char8_t, __mbstate_t>::do_encoding() const",5,520
430,"std::__2::codecvt<char16_t, char8_t, __mbstate_t>::do_always_noconv() const",5,520
431,"std::__2::codecvt<char16_t, char8_t, __mbstate_t>::do_length(__mbstate_t&, char8_t const*, char8_t const*, unsigned long) const",22,848
432,"std::__2::codecvt<char16_t, char8_t, __mbstate_t>::do_max_length() const",5,520
433,"std::__2::codecvt<char32_t, char, __mbstate_t>::~codecvt()",21,904
434,"std::__2::codecvt<char32_t, char, __mbstate_t>::do_out(__mbstate_t&, char32_t const*, char32_t const*, char32_t const*&, char*, char*, char*&) const",386,920
435,"std::__2::codecvt<char32_t, char, __mbstate_t>::do_in(__mbstate_t&, char const*, char const*, char const*&, char32_t*, char32_t*, char32_t*&) const",103,1040
436,"std::__2::utf8_to_ucs4(unsigned char const*, unsigned char const*, unsigned char const*&, unsigned int*, unsigned int*, unsigned int*&, unsigned long, std::__2::codecvt_mode)",723,1256
437,"std::__2::codecvt<char32_t, char, __mbstate_t>::do_unshift(__mbstate_t&, char*, char*, char*&) const",12,536
438,"std::__2::codecvt<char32_t, char, __mbstate_t>::do_encoding() const",5,520
439,"std::__2::codecvt<char32_t, char, __mbstate_t>::do_always_noconv() const",5,520
440,"std::__2::codecvt<char32_t, char, __mbstate_t>::do_length(__mbstate_t&, char const*, char const*, unsigned long) const",23,848
441,"std::__2::utf8_to_ucs4_length(unsigned char const*, unsigned char const*, unsigned long, unsigned long, std::__2::codecvt_mode)",582,1184
442,"std::__2::codecvt<char32_t, char, __mbstate_t>::do_max_length() const",5,520
443,"std::__2::codecvt<char32_t, char8_t, __mbstate_t>::~codecvt()",21,904
444,"std::__2::codecvt<char32_t, char8_t, __mbstate_t>::do_out(__mbstate_t&, char32_t const*, char32_t const*, char32_t const*&, char8_t*, char8_t*, char8_t*&) const",386,920
445,"std::__2::codecvt<char32_t, char8_t, __mbstate_t>::do_in(__mbstate_t&, char8_t const*, char8_t const*, char8_t const*&, char32_t*, char32_t*, char32_t*&) const",102,1040
446,"std::__2::codecvt<char32_t, char8_t, __mbstate_t>::do_unshift(__mbstate_t&, char8_t*, char8_t*, char8_t*&) const",12,536
447,"std::__2::codecvt<char32_t, char8_t, __mbstate_t>::do_encoding() const",5,520
448,"std::__2::codecvt<char32_t, char8_t, __mbstate_t>::do_always_noconv() const",5,520
449,"std::__2::codecvt<char32_t, char8_t, __mbstate_t>::do_length(__mbstate_t&, char8_t const*, char8_t const*, unsigned long) const",22,848
450,"std::__2::codecvt<char32_t, char8_t, __mbstate_t>::do_max_length() const",5,520
451,std::__2::numpunct<char>::numpunct(unsigned long),55,592
452,std::__2::numpunct<wchar_t>::numpunct(unsigned long),58,600
453,std::__2::numpunct<char>::~numpunct(),49,952
454,std::__2::numpunct<char>::~numpunct(),20,904
455,std::__2::numpunct<wchar_t>::~numpunct(),49,952
456,std::__2::numpunct<wchar_t>::~numpunct(),20,904
457,std::__2::numpunct<char>::do_decimal_point() const,8,528
458,std::__2::numpunct<wchar_t>::do_decimal_point() const,8,528
459,std::__2::numpunct<char>::do_thousands_sep() const,8,528
460,std::__2::numpunct<wchar_t>::do_thousands_sep() const,8,528
461,std::__2::numpunct<char>::do_grouping() const,69,888
462,std::__2::numpunct<wchar_t>::do_grouping() const,69,888
463,std::__2::numpunct<char>::do_truename() const,28,544
464,std::__2::numpunct<wchar_t>::do_truename() const,83,968
465,"std::__2::basic_string<wchar_t, std::__2::char_traits<wchar_t>, std::__2::allocator<wchar_t>>::basic_string[abi:nn180100]<0>(wchar_t const*)",172,1248
466,std::__2::numpunct<char>::do_falsename() const,58,584
467,std::__2::numpunct<wchar_t>::do_falsename() const,98,992
468,std::__2::__time_get_c_storage<char>::__weeks() const,98,928
469,std::__2::init_weeks(),1966,2552
470,__cxx_global_array_dtor.54,701,1776
471,std::__2::__time_get_c_storage<wchar_t>::__weeks() const,98,928
472,std::__2::init_wweeks(),422,1808
473,__cxx_global_array_dtor.69,698,1776
474,std::__2::__time_get_c_storage<char>::__months() const,98,928
475,std::__2::init_months(),3302,3656
476,__cxx_global_array_dtor.84,68,952
477,std::__2::__time_get_c_storage<wchar_t>::__months() const,98,928
478,std::__2::init_wmonths(),656,2408
479,__cxx_global_array_dtor.108,68,952
480,std::__2::__time_get_c_storage<char>::__am_pm() const,98,928
481,std::__2::init_am_pm(),279,1056
482,__cxx_global_array_dtor.132,101,1016
483,std::__2::__time_get_c_storage<wchar_t>::__am_pm() const,98,928
484,std::__2::init_wam_pm(),137,1096
485,__cxx_global_array_dtor.135,98,1016
486,std::__2::__time_get_c_storage<char>::__x() const,92,936
487,__cxx_global_array_dtor.24,49,856
488,std::__2::__time_get_c_storage<wchar_t>::__x() const,115,1008
489,__cxx_global_array_dtor.26,49,856
490,std::__2::__time_get_c_storage<char>::__X() const,92,936
491,__cxx_global_array_dtor.27,49,856
492,std::__2::__time_get_c_storage<wchar_t>::__X() const,115,1008
493,__cxx_global_array_dtor.29,49,856
494,std::__2::__time_get_c_storage<char>::__c() const,115,1008
495,__cxx_global_array_dtor.31,49,856
496,std::__2::__time_get_c_storage<wchar_t>::__c() const,115,1008
497,__cxx_global_array_dtor.33,49,856
498,std::__2::__time_get_c_storage<char>::__r() const,115,1008
499,__cxx_global_array_dtor.35,49,856
500,std::__2::__time_get_c_storage<wchar_t>::__r() const,115,1008
501,__cxx_global_array_dtor.37,50,856
502,"std::__2::codecvt<wchar_t, char, __mbstate_t>::~codecvt()",163,1144
503,"std::__2::num_get<char, std::__2::istreambuf_iterator<char, std::__2::char_traits<char>>>::~num_get()",17,864
504,"std::__2::num_get<wchar_t, std::__2::istreambuf_iterator<wchar_t, std::__2::char_traits<wchar_t>>>::~num_get()",17,864
505,"std::__2::num_put<char, std::__2::ostreambuf_iterator<char, std::__2::char_traits<char>>>::~num_put()",17,864
506,"std::__2::num_put<wchar_t, std::__2::ostreambuf_iterator<wchar_t, std::__2::char_traits<wchar_t>>>::~num_put()",17,864
507,"std::__2::time_get<char, std::__2::istreambuf_iterator<char, std::__2::char_traits<char>>>::~time_get()",11,808
508,"std::__2::time_get<char, std::__2::istreambuf_iterator<char, std::__2::char_traits<char>>>::~time_get()",17,864
509,"std::__2::time_get<wchar_t, std::__2::istreambuf_iterator<wchar_t, std::__2::char_traits<wchar_t>>>::~time_get()",11,808
510,"std::__2::time_get<wchar_t, std::__2::istreambuf_iterator<wchar_t, std::__2::char_traits<wchar_t>>>::~time_get()",18,864
511,"std::__2::time_put<char, std::__2::ostreambuf_iterator<char, std::__2::char_traits<char>>>::~time_put()",156,1168
512,"std::__2::time_put<wchar_t, std::__2::ostreambuf_iterator<wchar_t, std::__2::char_traits<wchar_t>>>::~time_put()",156,1168
513,"std::__2::time_put<char, std::__2::ostreambuf_iterator<char, std::__2::char_traits<char>>>::~time_put()",150,1136
514,"std::__2::time_put<wchar_t, std::__2::ostreambuf_iterator<wchar_t, std::__2::char_traits<wchar_t>>>::~time_put()",149,1136
515,"std::__2::moneypunct<char, false>::~moneypunct()",17,864
516,"std::__2::moneypunct<char, true>::~moneypunct()",17,864
517,"std::__2::moneypunct<wchar_t, false>::~moneypunct()",17,864
518,"std::__2::moneypunct<wchar_t, true>::~moneypunct()",17,864
519,"std::__2::money_get<char, std::__2::istreambuf_iterator<char, std::__2::char_traits<char>>>::~money_get()",17,864
520,"std::__2::money_get<wchar_t, std::__2::istreambuf_iterator<wchar_t, std::__2::char_traits<wchar_t>>>::~money_get()",17,864
521,"std::__2::money_put<char, std::__2::ostreambuf_iterator<char, std::__2::char_traits<char>>>::~money_put()",17,864
522,"std::__2::money_put<wchar_t, std::__2::ostreambuf_iterator<wchar_t, std::__2::char_traits<wchar_t>>>::~money_put()",17,864
523,std::__2::messages<char>::~messages(),17,864
524,std::__2::messages<wchar_t>::~messages(),17,864
525,"std::__2::codecvt<char, char, __mbstate_t>::~codecvt()",11,808
526,std::get_new_handler(),12,536
527,abort_message,95,1056
528,std::type_info::~type_info(),5,512
529,__cxxabiv1::__shim_type_info::~__shim_type_info(),11,808
530,__cxxabiv1::__shim_type_info::noop1() const,3,512
531,__cxxabiv1::__shim_type_info::noop2() const,3,512
532,__cxxabiv1::__class_type_info::~__class_type_info(),17,864
533,__cxxabiv1::__si_class_type_info::~__si_class_type_info(),17,864
534,__cxxabiv1::__vmi_class_type_info::~__vmi_class_type_info(),18,864
535,"__cxxabiv1::__class_type_info::can_catch(__cxxabiv1::__shim_type_info const*, void*&) const",263,1512
536,__dynamic_cast,656,1960
537,"__cxxabiv1::__class_type_info::has_unambiguous_public_base(__cxxabiv1::__dynamic_cast_info*, void*, int) const",135,704
538,"__cxxabiv1::__si_class_type_info::has_unambiguous_public_base(__cxxabiv1::__dynamic_cast_info*, void*, int) const",167,1072
539,"__cxxabiv1::__vmi_class_type_info::has_unambiguous_public_base(__cxxabiv1::__dynamic_cast_info*, void*, int) const",490,1640
540,"__cxxabiv1::__vmi_class_type_info::search_below_dst(__cxxabiv1::__dynamic_cast_info*, void const*, int, bool) const",1032,2760
541,"__cxxabiv1::__si_class_type_info::search_below_dst(__cxxabiv1::__dynamic_cast_info*, void const*, int, bool) const",360,1648
542,"__cxxabiv1::__class_type_info::search_below_dst(__cxxabiv1::__dynamic_cast_info*, void const*, int, bool) const",249,1280
543,"__cxxabiv1::__vmi_class_type_info::search_above_dst(__cxxabiv1::__dynamic_cast_info*, void const*, void const*, int, bool) const",631,1968
544,"__cxxabiv1::__si_class_type_info::search_above_dst(__cxxabiv1::__dynamic_cast_info*, void const*, void const*, int, bool) const",256,1320
545,"__cxxabiv1::__class_type_info::search_above_dst(__cxxabiv1::__dynamic_cast_info*, void const*, void const*, int, bool) const",219,1144
546,operator new(unsigned long),85,1072
547,operator delete(void*),11,808
548,operator delete[](void*),11,808
549,__cxa_uncaught_exceptions,5,520
550,malloc,12,808
551,dlmalloc,5377,8240
552,prepend_alloc,1091,1680
553,free,12,808
554,dlfree,1713,2216
555,calloc,109,984
556,realloc,1140,2192
557,dispose_chunk,1638,2120
558,gettimeofday,113,1016
559,_Exit,13,792
560,__main_void,214,1400
561,__wasi_args_get,18,816
562,__wasi_args_sizes_get,18,824
563,__wasi_environ_get,18,824
564,__wasi_environ_sizes_get,18,824
565,__wasi_clock_time_get,20,824
566,__wasi_fd_close,16,824
567,__wasi_fd_fdstat_get,18,824
568,__wasi_fd_prestat_get,18,824
569,__wasi_fd_prestat_dir_name,20,824
570,__wasi_fd_read,22,824
571,__wasi_fd_seek,22,824
572,__wasi_fd_write,22,824
573,__wasi_proc_exit,12,792
574,abort,5,504
575,sbrk,79,888
576,__ctype_get_mb_cur_max,17,536
577,__isdigit_l,11,528
578,__islower_l,12,528
579,__isupper_l,12,528
580,__iswlower_l,14,848
581,__isxdigit_l,24,544
582,tolower,20,528
583,toupper,22,528
584,casemap,317,808
585,towupper,13,824
586,strerror,87,904
587,__funcs_on_exit,183,1040
588,__cxa_atexit,158,1000
589,__wasm_call_dtors,15,864
590,__lctrans,13,808
591,freelocale,26,944
592,__mo_lookup,736,1640
593,__wasilibc_ensure_environ,27,824
594,__wasilibc_initialize_environ,194,1360
595,getenv,154,1120
596,__lctrans_impl,44,888
597,__get_locale,885,2976
598,__loc_is_allocated,49,576
599,__newlocale,862,2504
600,strtof_l,13,808
601,strtod_l,13,808
602,strtold_l,71,936
603,__uselocale,68,568
604,mbrlen,27,856
605,mbrtowc,369,752
606,mbsnrtowcs,448,1464
607,mbsrtowcs,1219,1960
608,mbtowc,345,576
609,wcrtomb,312,856
610,wcsnrtombs,233,1328
611,fflush,362,1648
612,__wasilibc_populate_preopens,226,1296
613,internal_register_preopened_fd_unlocked,280,1320
614,close,40,936
615,__isatty,103,968
616,__lseek,101,976
617,__stdio_seek,18,840
618,writev,115,984
619,__stdio_write,316,1368
620,readv,114,984
621,read,114,984
622,__stdio_read,253,1224
623,__stdio_close,15,840
624,__stdio_exit,388,1712
625,__towrite,94,624
626,__overflow,165,1192
627,fputc,69,904
628,wctomb,26,848
629,__fputwc_unlocked,321,1384
630,fputwc,14,808
631,__toread,134,1056
632,fwide,87,608
633,__fwritex,238,1344
634,fwrite,289,1368
635,__uflow,85,1032
636,getc,48,864
637,__fgetwc_unlocked,498,1832
638,fgetwc,11,808
639,getwc,11,808
640,__ofl_lock,9,520
641,__ofl_unlock,3,512
642,snprintf,58,912
643,sscanf,56,904
644,__stdout_write,60,1008
645,ungetc,106,984
646,ungetwc,295,1352
647,vasprintf,122,1136
648,frexp,144,1200
649,fputs,38,944
650,vfprintf,398,1568
651,printf_core,8995,18856
652,pop_arg,565,1808
653,pad,159,1168
654,long_double_not_supported,30,856
655,vsnprintf,180,1152
656,sn_write,183,1176
657,__shlim,73,608
658,__shgetc,228,1136
659,__intscan,1623,3464
660,scalbn,176,984
661,fmod,540,912
662,__floatscan,4813,8760
663,hexfloat,1405,3600
664,scanexp,596,1712
665,mbsinit,20,544
666,vfscanf,3082,9912
667,long_double_not_supported,29,856
668,vsscanf,89,1024
669,string_read,94,1064
670,strtof,118,1096
671,strtod,117,1096
672,strtold,10,792
673,long_double_not_supported,29,856
674,strtoull,119,1112
675,strtoll,128,1120
676,strtoul,125,1112
677,memchr,371,800
678,memcmp,75,584
679,memcpy,1008,1888
680,memmove,1217,2192
681,memset,394,1200
682,__strchrnul,358,1144
683,strcmp,104,600
684,strdup,48,960
685,strlen,206,656
686,strncmp,136,632
687,strnlen,27,880
688,wcslen,43,544
689,wmemchr,49,560
690,__year_to_secs,361,864
691,__month_to_secs,41,552
692,__tm_to_secs,195,1168
693,__tm_to_tzname,9,528
694,__nl_langinfo_l,441,1584
695,__strftime_fmt_1,1397,5976
696,week_num,241,1024
697,__strftime_l,792,1976
698,__multi3,116,640
